link,title,latitude,longitude
https://webapps1.chicago.gov/landmarksweb/web/landmarkdetails.htm?lanId=13182&amp;counter=0, 300 West Adams Street Office Building,41.8797182, -87.6357476
https://webapps1.chicago.gov/landmarksweb/web/landmarkdetails.htm?lanId=1234&amp;counter=1, 333 North Michigan Building,41.8876238, -87.6242032
https://webapps1.chicago.gov/landmarksweb/web/landmarkdetails.htm?lanId=1233&amp;counter=2, 35 East Wacker Drive Building,41.8865228, -87.62678489999999
https://webapps1.chicago.gov/landmarksweb/web/landmarkdetails.htm?lanId=11392&amp;counter=3, 63rd Street Bathing Pavilion,41.8033479, -87.5816686
https://webapps1.chicago.gov/landmarksweb/web/landmarkdetails.htm?lanId=12965&amp;counter=4, 6901 Oglesby Cooperative Apartment Building,41.7695812, -87.5679334
https://webapps1.chicago.gov/landmarksweb/web/landmarkdetails.htm?lanId=1235&amp;counter=5, 860-880 Lake Shore Drive,41.8990906, -87.61895210000002
https://webapps1.chicago.gov/landmarksweb/web/landmarkdetails.htm?lanId=1356&amp;counter=6, Abraham Lincoln Monument,41.8991076, -87.62982869999999
https://webapps1.chicago.gov/landmarksweb/web/landmarkdetails.htm?lanId=1236&amp;counter=7, Adams House,41.7240636, -87.670076
https://webapps1.chicago.gov/landmarksweb/web/landmarkdetails.htm?lanId=1261&amp;counter=8, Alfred Caldwell Lily Pool,41.921102, -87.6334742
https://webapps1.chicago.gov/landmarksweb/web/landmarkdetails.htm?lanId=1238&amp;counter=9, All Saints Church and Rectory,41.9649844, -87.6730235
https://webapps1.chicago.gov/landmarksweb/web/landmarkdetails.htm?lanId=1237&amp;counter=10, Allerton Hotel,41.8951734, -87.62370469999999
https://webapps1.chicago.gov/landmarksweb/web/districtdetails.htm?disId=1&amp;counter=11, Alta Vista Terrace District,41.951839, -87.65663
https://webapps1.chicago.gov/landmarksweb/web/landmarkdetails.htm?lanId=13149&amp;counter=12, American Book Company Building,41.8530149, -87.61945419999999
https://webapps1.chicago.gov/landmarksweb/web/landmarkdetails.htm?lanId=1240&amp;counter=13, American School of Correspondence,41.7896858, -87.6040462
https://webapps1.chicago.gov/landmarksweb/web/landmarkdetails.htm?lanId=1241&amp;counter=14, American System-Built Houses,41.701585, -87.6738896
https://webapps1.chicago.gov/landmarksweb/web/districtdetails.htm?disId=2&amp;counter=15, Arlington & Roslyn Place District,38.8799697, -77.1067698
https://webapps1.chicago.gov/landmarksweb/web/districtdetails.htm?disId=183&amp;counter=16, Arlington-Deming District,41.9254978, -87.6463291
https://webapps1.chicago.gov/landmarksweb/web/districtdetails.htm?disId=3&amp;counter=17, Armitage-Halsted District,41.9171756, -87.72776619999999
https://webapps1.chicago.gov/landmarksweb/web/landmarkdetails.htm?lanId=1245&amp;counter=18, Assumption School Building,41.8937408, -87.63655779999999
https://webapps1.chicago.gov/landmarksweb/web/districtdetails.htm?disId=4&amp;counter=19, Astor Street District,41.9077978, -87.6275555
https://webapps1.chicago.gov/landmarksweb/web/landmarkdetails.htm?lanId=1246&amp;counter=20, Auditorium Building,41.87599580000001, -87.62485509999999
https://webapps1.chicago.gov/landmarksweb/web/landmarkdetails.htm?lanId=1247&amp;counter=21, Bach House,42.0165836, -87.6648624
https://webapps1.chicago.gov/landmarksweb/web/landmarkdetails.htm?lanId=1248&amp;counter=22, Bachman House,41.9747944, -87.6616772
https://webapps1.chicago.gov/landmarksweb/web/landmarkdetails.htm?lanId=1249&amp;counter=23, Beeson House and Coach House,41.8892809, -87.7705295
https://webapps1.chicago.gov/landmarksweb/web/landmarkdetails.htm?lanId=13089&amp;counter=24, Belmont-Sheffield Trust and Savings Bank (Former),41.9397463, -87.65444959999999
https://webapps1.chicago.gov/landmarksweb/web/districtdetails.htm?disId=5&amp;counter=25, Beverly/Morgan Park Railroad Station District,41.6927794, -87.61048509999999
https://webapps1.chicago.gov/landmarksweb/web/landmarkdetails.htm?lanId=1251&amp;counter=26, Biograph Theater,41.9263426, -87.6497878
https://webapps1.chicago.gov/landmarksweb/web/districtdetails.htm?disId=182&amp;counter=27, Bissell Street District,41.920069, -87.652478
https://webapps1.chicago.gov/landmarksweb/web/landmarkdetails.htm?lanId=1253&amp;counter=29, Blackstone Hotel,41.8733507, -87.6244633
https://webapps1.chicago.gov/landmarksweb/web/landmarkdetails.htm?lanId=13065&amp;counter=30, Blackstone Library,41.8058373, -87.59034059999999
https://webapps1.chicago.gov/landmarksweb/web/landmarkdetails.htm?lanId=1254&amp;counter=31, Brewster Apartments,41.9332022, -87.6415895
https://webapps1.chicago.gov/landmarksweb/web/landmarkdetails.htm?lanId=1255&amp;counter=32, Brooks Building,41.8779775, -87.63454519999999
https://webapps1.chicago.gov/landmarksweb/web/landmarkdetails.htm?lanId=1256&amp;counter=33, Bryn Mawr-Belle Shore Apartment Hotels,41.9835423, -87.6570026
https://webapps1.chicago.gov/landmarksweb/web/districtdetails.htm?disId=7&amp;counter=34, Burling Row House District,41.9226075, -87.6472563
https://webapps1.chicago.gov/landmarksweb/web/landmarkdetails.htm?lanId=1259&amp;counter=35, Bush Temple of Music,41.62998839999999, -87.47223749999999
https://webapps1.chicago.gov/landmarksweb/web/landmarkdetails.htm?lanId=1260&amp;counter=36, Cable House,41.8939354, -87.6270832
https://webapps1.chicago.gov/landmarksweb/web/landmarkdetails.htm?lanId=13088&amp;counter=37, Calumet National Bank (Former),41.7294934, -87.5508167
https://webapps1.chicago.gov/landmarksweb/web/landmarkdetails.htm?lanId=11399&amp;counter=38, Calumet Park Fieldhouse,41.7178298, -87.5306437
https://webapps1.chicago.gov/landmarksweb/web/landmarkdetails.htm?lanId=11397&amp;counter=40, Canaan Baptist Church of Christ Building,41.7729836, -87.63286430000001
https://webapps1.chicago.gov/landmarksweb/web/landmarkdetails.htm?lanId=1263&amp;counter=41, Carbide and Carbon Building,41.8865731, -87.62490199999999
https://webapps1.chicago.gov/landmarksweb/web/landmarkdetails.htm?lanId=11400&amp;counter=42, Carl Sandburg House,41.96658559999999, -87.67285299999999
https://webapps1.chicago.gov/landmarksweb/web/landmarkdetails.htm?lanId=1264&amp;counter=43, Carson Pirie Scott and Company Building,41.8817916, -87.62752479999999
https://webapps1.chicago.gov/landmarksweb/web/districtdetails.htm?disId=163&amp;counter=44, Cermak Road Bridge District,41.8502901, -87.8044884
https://webapps1.chicago.gov/landmarksweb/web/landmarkdetails.htm?lanId=1265&amp;counter=45, Chapin and Gore Building,41.8793684, -87.6254869
https://webapps1.chicago.gov/landmarksweb/web/landmarkdetails.htm?lanId=12843&amp;counter=46, Charles N. Loucks House,41.9526032, -87.7327869
https://webapps1.chicago.gov/landmarksweb/web/landmarkdetails.htm?lanId=1266&amp;counter=47, Charnley House,41.9076442, -87.62752429999999
https://webapps1.chicago.gov/landmarksweb/web/districtdetails.htm?disId=281&amp;counter=48, Chatham-Greater Grand Crossing Commercial District District,41.7587304, -87.5895713
https://webapps1.chicago.gov/landmarksweb/web/landmarkdetails.htm?lanId=1267&amp;counter=49, Chess Records Office and Studio,41.8535218, -87.62406089999999
https://webapps1.chicago.gov/landmarksweb/web/landmarkdetails.htm?lanId=13104&amp;counter=50, Chicago &amp; Alton Railway Bridge,41.8346732, -87.6612157
https://webapps1.chicago.gov/landmarksweb/web/landmarkdetails.htm?lanId=13103&amp;counter=51, Chicago &amp; Illinois Western Railway Bridge,41.5996343, -87.6946566
https://webapps1.chicago.gov/landmarksweb/web/landmarkdetails.htm?lanId=11386&amp;counter=52, Chicago & North Western Railway Powerhouse,41.8861528, -87.6411192
https://webapps1.chicago.gov/landmarksweb/web/landmarkdetails.htm?lanId=13091&amp;counter=53, Chicago & Northwestern Railway Bridge,41.88848309999999, -87.63918939999999
https://webapps1.chicago.gov/landmarksweb/web/landmarkdetails.htm?lanId=13102&amp;counter=54, Chicago & Western Indiana Railroad Bridge,41.6666624, -87.54954719999999
https://webapps1.chicago.gov/landmarksweb/web/landmarkdetails.htm?lanId=1268&amp;counter=55, Chicago Bee Building,41.8279861, -87.62616179999999
https://webapps1.chicago.gov/landmarksweb/web/landmarkdetails.htm?lanId=1269&amp;counter=56, Chicago Board of Trade Building,41.8774454, -87.63185469999999
https://webapps1.chicago.gov/landmarksweb/web/landmarkdetails.htm?lanId=1270&amp;counter=57, Chicago Building,41.8818687, -87.628185
https://webapps1.chicago.gov/landmarksweb/web/landmarkdetails.htm?lanId=13085&amp;counter=58, Chicago City Bank and Trust Company (Former),41.7795312, -87.64552139999999
https://webapps1.chicago.gov/landmarksweb/web/landmarkdetails.htm?lanId=1271&amp;counter=59, Chicago Defender Building,41.8317395, -87.6216584
https://webapps1.chicago.gov/landmarksweb/web/landmarkdetails.htm?lanId=1273&amp;counter=60, Chicago Harbor Lighthouse,41.95731, -87.7566513
https://webapps1.chicago.gov/landmarksweb/web/landmarkdetails.htm?lanId=13150&amp;counter=61, Chicago Orphan Asylum Building,41.8013607, -87.61655239999999
https://webapps1.chicago.gov/landmarksweb/web/landmarkdetails.htm?lanId=1274&amp;counter=62, Chicago Public Library/Cultural Center,41.8841623, -87.6249624
https://webapps1.chicago.gov/landmarksweb/web/landmarkdetails.htm?lanId=1275&amp;counter=63, Chicago Theater,41.8853914, -87.627505
https://webapps1.chicago.gov/landmarksweb/web/landmarkdetails.htm?lanId=1276&amp;counter=64, Chicago Varnish Company Building,41.8890178, -87.6293182
https://webapps1.chicago.gov/landmarksweb/web/landmarkdetails.htm?lanId=13122&amp;counter=65, Chicago Milwaukee & St. Paul Railway Bridge No. Z-2,41.902035, -87.6542534
https://webapps1.chicago.gov/landmarksweb/web/landmarkdetails.htm?lanId=1277&amp;counter=66, City Hall-County Building,41.8838677, -87.6319365
https://webapps1.chicago.gov/landmarksweb/web/landmarkdetails.htm?lanId=1278&amp;counter=67, Civic Opera Building,41.882608, -87.6372612
https://webapps1.chicago.gov/landmarksweb/web/landmarkdetails.htm?lanId=1257&amp;counter=68, Clarence Buckingham Memorial Fountain and Garden,41.8732808, -87.621121
https://webapps1.chicago.gov/landmarksweb/web/landmarkdetails.htm?lanId=1279&amp;counter=69, Clarke House,41.8567781, -87.62186299999999
https://webapps1.chicago.gov/landmarksweb/web/landmarkdetails.htm?lanId=1280&amp;counter=70, Colvin House,41.9903342, -87.6558053
https://webapps1.chicago.gov/landmarksweb/web/landmarkdetails.htm?lanId=1281&amp;counter=71, Congress Theater,41.9198676, -87.6920147
https://webapps1.chicago.gov/landmarksweb/web/landmarkdetails.htm?lanId=12942&amp;counter=72, Continental and Commercial Bank Building,41.8791853, -87.63243150000001
https://webapps1.chicago.gov/landmarksweb/web/landmarkdetails.htm?lanId=1282&amp;counter=73, Cortland Street Drawbridge,41.9171218, -87.66485209999999
https://webapps1.chicago.gov/landmarksweb/web/landmarkdetails.htm?lanId=12922&amp;counter=74, Cosmopolitan State Bank Building (Former),41.8968209, -87.6308462
https://webapps1.chicago.gov/landmarksweb/web/landmarkdetails.htm?lanId=1283&amp;counter=75, Courthouse Place,41.8902347, -87.6299737
https://webapps1.chicago.gov/landmarksweb/web/landmarkdetails.htm?lanId=1284&amp;counter=76, Crown Hall,41.8332815, -87.6272979
https://webapps1.chicago.gov/landmarksweb/web/landmarkdetails.htm?lanId=1285&amp;counter=77, Daley Center,41.8840546, -87.63017710000001
https://webapps1.chicago.gov/landmarksweb/web/landmarkdetails.htm?lanId=1286&amp;counter=78, Dearborn Street Station,41.8717634, -87.6290483
https://webapps1.chicago.gov/landmarksweb/web/landmarkdetails.htm?lanId=1287&amp;counter=79, Delaware Building,41.8847041, -87.6292466
https://webapps1.chicago.gov/landmarksweb/web/landmarkdetails.htm?lanId=11393&amp;counter=80, Dewes (August) House,41.9301299, -87.6416757
https://webapps1.chicago.gov/landmarksweb/web/landmarkdetails.htm?lanId=1288&amp;counter=81, Dewes (Francis) House,41.9303397, -87.6415036
https://webapps1.chicago.gov/landmarksweb/web/landmarkdetails.htm?lanId=1289&amp;counter=82, Dexter Building,41.87369899999999, -87.62646699999999
https://webapps1.chicago.gov/landmarksweb/web/landmarkdetails.htm?lanId=13148&amp;counter=84, Dr. Philip Weintraub House,41.985928, -87.7112001
https://webapps1.chicago.gov/landmarksweb/web/landmarkdetails.htm?lanId=11385&amp;counter=85, Dr. Wallace C. Abbott House,41.965431, -87.6721791
https://webapps1.chicago.gov/landmarksweb/web/landmarkdetails.htm?lanId=1546&amp;counter=86, Drake Fountain,41.7281378, -87.5507907
https://webapps1.chicago.gov/landmarksweb/web/landmarkdetails.htm?lanId=1291&amp;counter=87, DuPont-Whitehouse House,41.8285987, -87.68650070000001
https://webapps1.chicago.gov/landmarksweb/web/districtdetails.htm?disId=9&amp;counter=88, East Lake Shore Drive District,41.9006258, -87.6205011
https://webapps1.chicago.gov/landmarksweb/web/districtdetails.htm?disId=167&amp;counter=89, East Village District,41.9032126, -87.6760461
https://webapps1.chicago.gov/landmarksweb/web/landmarkdetails.htm?lanId=13328&amp;counter=90, Ebenezer Missionary Baptist Church (originally Isaiah Temple),33.6486359, -86.68182759999999
https://webapps1.chicago.gov/landmarksweb/web/landmarkdetails.htm?lanId=1293&amp;counter=91, Eighth Church of Christ Scientist,41.8150013, -87.62248960000001
https://webapps1.chicago.gov/landmarksweb/web/landmarkdetails.htm?lanId=1294&amp;counter=92, Eighth Regiment Armory,41.8298451, -87.6190142
https://webapps1.chicago.gov/landmarksweb/web/landmarkdetails.htm?lanId=1295&amp;counter=93, Elam House,41.8086022, -87.617128
https://webapps1.chicago.gov/landmarksweb/web/landmarkdetails.htm?lanId=1296&amp;counter=94, Eliel House,41.8192573, -87.6026471
https://webapps1.chicago.gov/landmarksweb/web/landmarkdetails.htm?lanId=1545&amp;counter=95, Elks National Memorial Headquarters Building,41.9322863, -87.6399984
https://webapps1.chicago.gov/landmarksweb/web/landmarkdetails.htm?lanId=11975&amp;counter=96, Engine Company 104 Truck 31 (Former),41.8639369, -87.62376499999999
https://webapps1.chicago.gov/landmarksweb/web/landmarkdetails.htm?lanId=11984&amp;counter=97, Engine Company 129 Truck 50,41.745991, -87.663461
https://webapps1.chicago.gov/landmarksweb/web/landmarkdetails.htm?lanId=11974&amp;counter=98, Engine Company 27 (Former),41.9051657, -87.6348604
https://webapps1.chicago.gov/landmarksweb/web/landmarkdetails.htm?lanId=11976&amp;counter=99, Engine Company 35 Truck 28 (Former),41.91125900000001, -87.67728699999999
https://webapps1.chicago.gov/landmarksweb/web/landmarkdetails.htm?lanId=13064&amp;counter=100, Engine Company 42 (Former),41.890981, -87.6353144
https://webapps1.chicago.gov/landmarksweb/web/landmarkdetails.htm?lanId=11980&amp;counter=101, Engine Company 45 Truck 15,41.8111899, -87.60689289999999
https://webapps1.chicago.gov/landmarksweb/web/landmarkdetails.htm?lanId=11972&amp;counter=102, Engine Company 5 Truck 2,41.8772226, -87.6442087
https://webapps1.chicago.gov/landmarksweb/web/landmarkdetails.htm?lanId=11982&amp;counter=103, Engine Company 59 Truck 47,41.985752, -87.66399299999999
https://webapps1.chicago.gov/landmarksweb/web/landmarkdetails.htm?lanId=11981&amp;counter=104, Engine Company 61,41.7966755, -87.6237441
https://webapps1.chicago.gov/landmarksweb/web/landmarkdetails.htm?lanId=11979&amp;counter=105, Engine Company 65 Truck 52,41.54326, -87.37405559999999
https://webapps1.chicago.gov/landmarksweb/web/landmarkdetails.htm?lanId=11973&amp;counter=106, Engine Company 78,41.94930859999999, -87.65657379999999
https://webapps1.chicago.gov/landmarksweb/web/landmarkdetails.htm?lanId=11983&amp;counter=107, Engine Company 84 Truck 51,41.7811765, -87.64641499999999
https://webapps1.chicago.gov/landmarksweb/web/landmarkdetails.htm?lanId=11978&amp;counter=108, Engine Company 86 (Former),41.9552392, -87.68919319999999
https://webapps1.chicago.gov/landmarksweb/web/landmarkdetails.htm?lanId=1297&amp;counter=109, Essanay Studios,41.97235939999999, -87.6627919
https://webapps1.chicago.gov/landmarksweb/web/landmarkdetails.htm?lanId=1298&amp;counter=110, F.R. Schock House,41.8892566, -87.77027969999999
https://webapps1.chicago.gov/landmarksweb/web/landmarkdetails.htm?lanId=1544&amp;counter=111, Farwell Building,41.89436260000001, -87.6245953
https://webapps1.chicago.gov/landmarksweb/web/landmarkdetails.htm?lanId=1299&amp;counter=112, Field Building,41.87978529999999, -87.6317882
https://webapps1.chicago.gov/landmarksweb/web/landmarkdetails.htm?lanId=1300&amp;counter=113, Fine Arts Building,41.876391, -87.62471830000001
https://webapps1.chicago.gov/landmarksweb/web/landmarkdetails.htm?lanId=1301&amp;counter=114, First Baptist Congregational Church,41.88304919999999, -87.66723940000001
https://webapps1.chicago.gov/landmarksweb/web/landmarkdetails.htm?lanId=1302&amp;counter=115, First Church of Deliverance,41.81627779999999, -87.624303
https://webapps1.chicago.gov/landmarksweb/web/landmarkdetails.htm?lanId=1303&amp;counter=116, Fisher Building,41.8772287, -87.6290111
https://webapps1.chicago.gov/landmarksweb/web/landmarkdetails.htm?lanId=1304&amp;counter=117, Fisher Studio Houses,41.9042764, -87.62831489999999
https://webapps1.chicago.gov/landmarksweb/web/districtdetails.htm?disId=10&amp;counter=118, Five Houses on Avers Avenue District,41.8532056, -87.7213214
https://webapps1.chicago.gov/landmarksweb/web/landmarkdetails.htm?lanId=11395&amp;counter=119, Florsheim Shoe Company Building,41.9388685, -87.7265348
https://webapps1.chicago.gov/landmarksweb/web/landmarkdetails.htm?lanId=1306&amp;counter=120, Former Chicago Historical Society Building,41.893381, -87.6299887
https://webapps1.chicago.gov/landmarksweb/web/landmarkdetails.htm?lanId=1308&amp;counter=121, Foster House and Stable,41.67278839999999, -87.6306305
https://webapps1.chicago.gov/landmarksweb/web/districtdetails.htm?disId=141&amp;counter=122, Fremont Row House District,41.920089, -87.651365
https://webapps1.chicago.gov/landmarksweb/web/landmarkdetails.htm?lanId=13083&amp;counter=123, Fullerton State Bank (Former),41.9249465, -87.6644109
https://webapps1.chicago.gov/landmarksweb/web/landmarkdetails.htm?lanId=1310&amp;counter=124, Gage Group,41.8811752, -87.6248481
https://webapps1.chicago.gov/landmarksweb/web/landmarkdetails.htm?lanId=1311&amp;counter=125, Garfield Boulevard 'L' Station and Overpass,41.7944374, -87.6183167
https://webapps1.chicago.gov/landmarksweb/web/landmarkdetails.htm?lanId=13147&amp;counter=126, Garfield Park Fieldhouse,41.8826775, -87.71625759999999
https://webapps1.chicago.gov/landmarksweb/web/landmarkdetails.htm?lanId=1312&amp;counter=127, Gauler Twin Houses,41.9896845, -87.6612919
https://webapps1.chicago.gov/landmarksweb/web/landmarkdetails.htm?lanId=13162&amp;counter=128, George Cleveland Hall Branch Chicago Public Library,41.8071839, -87.6222227
https://webapps1.chicago.gov/landmarksweb/web/landmarkdetails.htm?lanId=13030&amp;counter=129, Germania Club Building,41.9103971, -87.63238609999999
https://webapps1.chicago.gov/landmarksweb/web/landmarkdetails.htm?lanId=1314&amp;counter=130, Getty Tomb,41.9546042, -87.6618116
https://webapps1.chicago.gov/landmarksweb/web/districtdetails.htm?disId=261&amp;counter=131, Giles-Calumet District,41.8256249, -87.61921370000002
https://webapps1.chicago.gov/landmarksweb/web/landmarkdetails.htm?lanId=1315&amp;counter=132, Glessner House,41.8577521, -87.6209904
https://webapps1.chicago.gov/landmarksweb/web/landmarkdetails.htm?lanId=1316&amp;counter=133, Goldblatt Bros. Department Store,41.8958305, -87.6681577
https://webapps1.chicago.gov/landmarksweb/web/districtdetails.htm?disId=142&amp;counter=134, Greenwood Row House District,41.8007492, -87.5999968
https://webapps1.chicago.gov/landmarksweb/web/landmarkdetails.htm?lanId=13028&amp;counter=135, Griffiths-Burroughs House,41.8252928, -87.6235324
https://webapps1.chicago.gov/landmarksweb/web/landmarkdetails.htm?lanId=1318&amp;counter=136, Groesbeck House,41.8831921, -87.6600558
https://webapps1.chicago.gov/landmarksweb/web/landmarkdetails.htm?lanId=13027&amp;counter=137, Gwendolyn Brooks House,41.7595087, -87.6068832
https://webapps1.chicago.gov/landmarksweb/web/landmarkdetails.htm?lanId=13342&amp;counter=138, Harriet F. Rees House,41.8539326, -87.62100919999999
https://webapps1.chicago.gov/landmarksweb/web/landmarkdetails.htm?lanId=1319&amp;counter=139, Harris and Selwyn Theaters,41.8853208, -87.6297452
https://webapps1.chicago.gov/landmarksweb/web/landmarkdetails.htm?lanId=1320&amp;counter=140, Haskell-Barker-Atwater Buildings,41.851923, -87.625924
https://webapps1.chicago.gov/landmarksweb/web/districtdetails.htm?disId=11&amp;counter=141, Hawthorne Place District,41.9449501, -87.6423435
https://webapps1.chicago.gov/landmarksweb/web/landmarkdetails.htm?lanId=11387&amp;counter=142, Hazelton-Mikota House,41.9810804, -87.753902
https://webapps1.chicago.gov/landmarksweb/web/landmarkdetails.htm?lanId=1323&amp;counter=143, Heald Square Monument,41.8870576, -87.6264378
https://webapps1.chicago.gov/landmarksweb/web/landmarkdetails.htm?lanId=1324&amp;counter=144, Heller House,41.8013868, -87.59710799999999
https://webapps1.chicago.gov/landmarksweb/web/landmarkdetails.htm?lanId=1313&amp;counter=145, Henry Gerber House,41.9132128, -87.6360014
https://webapps1.chicago.gov/landmarksweb/web/landmarkdetails.htm?lanId=1527&amp;counter=146, Henry V. Peters House,41.9671634, -87.74376889999999
https://webapps1.chicago.gov/landmarksweb/web/landmarkdetails.htm?lanId=1325&amp;counter=147, Heyworth Building,41.8819122, -87.6266966
https://webapps1.chicago.gov/landmarksweb/web/districtdetails.htm?disId=12&amp;counter=148, Historic Michigan Boulevard District,41.8843757, -87.62473399999999
https://webapps1.chicago.gov/landmarksweb/web/landmarkdetails.htm?lanId=1326&amp;counter=149, Hitchcock House,41.8912694, -87.7681271
https://webapps1.chicago.gov/landmarksweb/web/landmarkdetails.htm?lanId=13203&amp;counter=150, Holden Block,41.8814233, -87.653299
https://webapps1.chicago.gov/landmarksweb/web/landmarkdetails.htm?lanId=1327&amp;counter=151, Holy Trinity Orthodox Cathedral and Rectory,41.9018508, -87.68178549999999
https://webapps1.chicago.gov/landmarksweb/web/landmarkdetails.htm?lanId=12962&amp;counter=152, Home Bank and Trust Company Building,41.9034353, -87.667766
https://webapps1.chicago.gov/landmarksweb/web/landmarkdetails.htm?lanId=1328&amp;counter=153, Hotel St. Benedict Flats,41.896847, -87.626696
https://webapps1.chicago.gov/landmarksweb/web/landmarkdetails.htm?lanId=1330&amp;counter=154, Humboldt Park Boathouse Pavilion,45.5582733, -122.6800974
https://webapps1.chicago.gov/landmarksweb/web/landmarkdetails.htm?lanId=12842&amp;counter=155, Humboldt Park Receptory Building &amp; Stable,41.9022692, -87.7033259
https://webapps1.chicago.gov/landmarksweb/web/landmarkdetails.htm?lanId=13082&amp;counter=157, Hyde Park-Kenwood National Bank (Former),41.7993598, -87.5881897
https://webapps1.chicago.gov/landmarksweb/web/landmarkdetails.htm?lanId=12963&amp;counter=158, IBM Building,41.8886304, -87.62749889999999
https://webapps1.chicago.gov/landmarksweb/web/landmarkdetails.htm?lanId=1453&amp;counter=159, Ida B. Wells - Barnett House,41.8285748, -87.6176752
https://webapps1.chicago.gov/landmarksweb/web/landmarkdetails.htm?lanId=1333&amp;counter=160, Iglehart House,41.6911419, -87.6826713
https://webapps1.chicago.gov/landmarksweb/web/landmarkdetails.htm?lanId=13142&amp;counter=162, Illinois Central Railroad Swing Bridge 2,41.8478468, -87.62383009999999
https://webapps1.chicago.gov/landmarksweb/web/landmarkdetails.htm?lanId=1334&amp;counter=163, Illinois-Indiana State Line Boundary Marker,41.7056501, -87.73495400000002
https://webapps1.chicago.gov/landmarksweb/web/landmarkdetails.htm?lanId=1335&amp;counter=164, Immaculata High School and Convent Buildings,41.9548609, -87.6458598
https://webapps1.chicago.gov/landmarksweb/web/landmarkdetails.htm?lanId=11380&amp;counter=165, Indian Boundary Park Fieldhouse,42.0098036, -87.6931948
https://webapps1.chicago.gov/landmarksweb/web/landmarkdetails.htm?lanId=1336&amp;counter=166, Inland Steel Building,41.8810447, -87.6288762
https://webapps1.chicago.gov/landmarksweb/web/districtdetails.htm?disId=14&amp;counter=167, Jackson Boulevard District,41.87736839999999, -87.70109730000001
https://webapps1.chicago.gov/landmarksweb/web/landmarkdetails.htm?lanId=1339&amp;counter=169, Jackson/Thomas House,42.0103556, -87.68204229999999
https://webapps1.chicago.gov/landmarksweb/web/landmarkdetails.htm?lanId=11394&amp;counter=170, James Ward Public School,41.8434502, -87.63515679999999
https://webapps1.chicago.gov/landmarksweb/web/landmarkdetails.htm?lanId=1329&amp;counter=171, Jane Addams Hull-House,41.87161640000001, -87.6474573
https://webapps1.chicago.gov/landmarksweb/web/landmarkdetails.htm?lanId=1340&amp;counter=172, Jewelers Building,41.86150019999999, -87.6250718
https://webapps1.chicago.gov/landmarksweb/web/districtdetails.htm?disId=143&amp;counter=173, Jewelers Row District,41.8808494, -87.6225401
https://webapps1.chicago.gov/landmarksweb/web/landmarkdetails.htm?lanId=1342&amp;counter=174, Jewish People's Institute,41.8631549, -87.7132915
https://webapps1.chicago.gov/landmarksweb/web/landmarkdetails.htm?lanId=12902&amp;counter=175, John and Clara Merchant House,41.9514746, -87.7384032
https://webapps1.chicago.gov/landmarksweb/web/landmarkdetails.htm?lanId=1343&amp;counter=176, K.A.M. Isaiah Israel Temple,41.8028883, -87.598619
https://webapps1.chicago.gov/landmarksweb/web/landmarkdetails.htm?lanId=1344&amp;counter=177, Kaufmann Store and Flats,41.9239459, -87.6469769
https://webapps1.chicago.gov/landmarksweb/web/landmarkdetails.htm?lanId=1345&amp;counter=178, Keck-Gottschalk-Keck Apartments,41.7935339, -87.5977918
https://webapps1.chicago.gov/landmarksweb/web/landmarkdetails.htm?lanId=1346&amp;counter=179, Kenna Apartments,41.7700696, -87.57082899999999
https://webapps1.chicago.gov/landmarksweb/web/landmarkdetails.htm?lanId=1347&amp;counter=180, Kent House,41.8406889, -87.62393879999999
https://webapps1.chicago.gov/landmarksweb/web/districtdetails.htm?disId=16&amp;counter=181, Kenwood District,41.8095067, -87.6074718
https://webapps1.chicago.gov/landmarksweb/web/landmarkdetails.htm?lanId=13302&amp;counter=182, Kenwood United Church of Christ,41.8112321, -87.59976619999999
https://webapps1.chicago.gov/landmarksweb/web/landmarkdetails.htm?lanId=13042&amp;counter=183, Kimbell Trust &amp; Savings Bank (Former),41.924896, -87.7173018
https://webapps1.chicago.gov/landmarksweb/web/landmarkdetails.htm?lanId=1349&amp;counter=184, King-Nash House,41.8830651, -87.70758099999999
https://webapps1.chicago.gov/landmarksweb/web/landmarkdetails.htm?lanId=1350, Krause Music Store,41.965301, -87.6861021
https://webapps1.chicago.gov/landmarksweb/web/landmarkdetails.htm?lanId=13143, Lake Shore &amp; Michigan Southern Railway Bridges,41.6938155, -87.5567902
https://webapps1.chicago.gov/landmarksweb/web/landmarkdetails.htm?lanId=1351, Lake-Franklin Group,41.88536999999999, -87.63507
https://webapps1.chicago.gov/landmarksweb/web/landmarkdetails.htm?lanId=1352, Laramie State Bank Building,41.8952034, -87.7558353
https://webapps1.chicago.gov/landmarksweb/web/landmarkdetails.htm?lanId=1353, LaSalle Street Cable Car Powerhouse,41.8909552, -87.63302039999999
https://webapps1.chicago.gov/landmarksweb/web/landmarkdetails.htm?lanId=1354, Lathrop House,41.9018761, -87.625001
https://webapps1.chicago.gov/landmarksweb/web/landmarkdetails.htm?lanId=1355, Leiter II Building,39.1478866, -123.2068489
https://webapps1.chicago.gov/landmarksweb/web/landmarkdetails.htm?lanId=13026, Lincoln Avenue Row House District,41.9171497, -87.63747149999999
https://webapps1.chicago.gov/landmarksweb/web/landmarkdetails.htm?lanId=13005, Lindblom (Robert) Technical High School Building,41.7820653, -87.67213699999999
https://webapps1.chicago.gov/landmarksweb/web/landmarkdetails.htm?lanId=13025, Lindemann &amp; Hoverson Co. Showroom and Warehouse Building,41.88331820000001, -87.6920476
https://webapps1.chicago.gov/landmarksweb/web/landmarkdetails.htm?lanId=11382, Lion House,41.921102, -87.6334742
https://webapps1.chicago.gov/landmarksweb/web/districtdetails.htm?disId=146, Logan Square Boulevards District,41.9210378, -87.70463029999999
https://webapps1.chicago.gov/landmarksweb/web/landmarkdetails.htm?lanId=1357, London Guarantee Building,41.887947, -87.6249143
https://webapps1.chicago.gov/landmarksweb/web/districtdetails.htm?disId=17, Longwood Drive District,41.707849, -87.6710969
https://webapps1.chicago.gov/landmarksweb/web/landmarkdetails.htm?lanId=1432, Lorado Taft's Midway Studios,41.7855444, -87.60313149999999
https://webapps1.chicago.gov/landmarksweb/web/landmarkdetails.htm?lanId=13024, Lorraine Hansberry House,41.782747, -87.612427
https://webapps1.chicago.gov/landmarksweb/web/landmarkdetails.htm?lanId=1359, Ludington Building,41.8690698, -87.6262737
https://webapps1.chicago.gov/landmarksweb/web/landmarkdetails.htm?lanId=1360, Madlener House,41.9096294, -87.6291657
https://webapps1.chicago.gov/landmarksweb/web/landmarkdetails.htm?lanId=11388, Madonna della Strada Chapel,41.9989968, -87.6581921
https://webapps1.chicago.gov/landmarksweb/web/landmarkdetails.htm?lanId=1541, Main Building and Machinery Hall Illinois Institute of Technology,41.8363713, -87.6289254
https://webapps1.chicago.gov/landmarksweb/web/landmarkdetails.htm?lanId=11389, Majestic Building and Theater,41.880866, -87.6286135
https://webapps1.chicago.gov/landmarksweb/web/landmarkdetails.htm?lanId=1361, Manhattan Building,41.8760626, -87.6290846
https://webapps1.chicago.gov/landmarksweb/web/landmarkdetails.htm?lanId=1362, Marie Schock House,41.8898169, -87.76969849999999
https://webapps1.chicago.gov/landmarksweb/web/landmarkdetails.htm?lanId=1363, Marquette Building,41.8797985, -87.62954719999999
https://webapps1.chicago.gov/landmarksweb/web/landmarkdetails.htm?lanId=12862, Marquette Park State Bank (Former),41.77879129999999, -87.6837031
https://webapps1.chicago.gov/landmarksweb/web/landmarkdetails.htm?lanId=11584, Marshall Field and Company Building,41.8838936, -87.6273976
https://webapps1.chicago.gov/landmarksweb/web/landmarkdetails.htm?lanId=13044, Marshfield Trust and Savings Bank (Former),41.9422645, -87.670264
https://webapps1.chicago.gov/landmarksweb/web/landmarkdetails.htm?lanId=1364, Mather Tower,41.8876021, -87.6254433
https://webapps1.chicago.gov/landmarksweb/web/landmarkdetails.htm?lanId=12152, McCormick Double House,41.8942944, -87.6257712
https://webapps1.chicago.gov/landmarksweb/web/districtdetails.htm?disId=18, McCormick Row House District,41.9236145, -87.6496799
https://webapps1.chicago.gov/landmarksweb/web/landmarkdetails.htm?lanId=11390, McGill House,41.804691, -87.60482499999999
https://webapps1.chicago.gov/landmarksweb/web/landmarkdetails.htm?lanId=1366, McGraw-Hill Building,41.8921018, -87.6261632
https://webapps1.chicago.gov/landmarksweb/web/landmarkdetails.htm?lanId=1367, Medinah Temple,41.8928896, -87.6271199
https://webapps1.chicago.gov/landmarksweb/web/landmarkdetails.htm?lanId=1368, Metropolitan Missionary Baptist Church,41.8827875, -87.6811938
https://webapps1.chicago.gov/landmarksweb/web/landmarkdetails.htm?lanId=1369, Michigan Avenue Bridge and Esplanade,41.88851520000001, -87.62326569999999
https://webapps1.chicago.gov/landmarksweb/web/districtdetails.htm?disId=19, Mid-North District,33.8703645, -117.9242123
https://webapps1.chicago.gov/landmarksweb/web/landmarkdetails.htm?lanId=1372, Miller House,41.7654904, -87.5710606
https://webapps1.chicago.gov/landmarksweb/web/districtdetails.htm?disId=221, Milwaukee Avenue District,41.9084165, -87.67794099999999
https://webapps1.chicago.gov/landmarksweb/web/landmarkdetails.htm?lanId=1373, Monadnock Block,41.8779787, -87.6295664
https://webapps1.chicago.gov/landmarksweb/web/landmarkdetails.htm?lanId=1374, Montgomery Ward &amp; Co. Catalog House,41.897641, -87.6433945
https://webapps1.chicago.gov/landmarksweb/web/districtdetails.htm?disId=20, Motor Row District,41.8581151, -87.62346269999999
https://webapps1.chicago.gov/landmarksweb/web/landmarkdetails.htm?lanId=12153, Mundelein College Skyscraper Building,41.9986947, -87.6566156
https://webapps1.chicago.gov/landmarksweb/web/landmarkdetails.htm?lanId=1376, Museum of Science and Industry,41.792432, -87.5801558
https://webapps1.chicago.gov/landmarksweb/web/landmarkdetails.htm?lanId=1377, Navy Pier Headhouse and Auditorium,41.8918954, -87.6143793
https://webapps1.chicago.gov/landmarksweb/web/landmarkdetails.htm?lanId=1378, New Regal Theater,41.7514798, -87.58405189999999
https://webapps1.chicago.gov/landmarksweb/web/landmarkdetails.htm?lanId=11396, New York Life Building,41.8809182, -87.63207159999999
https://webapps1.chicago.gov/landmarksweb/web/districtdetails.htm?disId=148, Newport Avenue District,41.9443327, -87.6639313
https://webapps1.chicago.gov/landmarksweb/web/landmarkdetails.htm?lanId=13062, Nickel (Richard) Studio,41.9161765, -87.6732205
https://webapps1.chicago.gov/landmarksweb/web/landmarkdetails.htm?lanId=1379, Nickerson House,41.8943149, -87.62653999999999
https://webapps1.chicago.gov/landmarksweb/web/landmarkdetails.htm?lanId=1380, Noble-Seymour-Crippen House,41.983421, -87.79582900000001
https://webapps1.chicago.gov/landmarksweb/web/landmarkdetails.htm?lanId=13023, North Chicago Hospital Building,41.9292749, -87.64235049999999
https://webapps1.chicago.gov/landmarksweb/web/districtdetails.htm?disId=21, North Kenwood Multiple Resource District,37.8715226, -122.273042
https://webapps1.chicago.gov/landmarksweb/web/landmarkdetails.htm?lanId=1382, Northwestern University Settlement House,41.9000176, -87.6627352
https://webapps1.chicago.gov/landmarksweb/web/districtdetails.htm?disId=147, Oakdale Avenue District,41.9354421, -87.6491154
https://webapps1.chicago.gov/landmarksweb/web/districtdetails.htm?disId=22, Oakland District,41.8195389, -87.6016849
https://webapps1.chicago.gov/landmarksweb/web/landmarkdetails.htm?lanId=12011, Old Chicago Coast Guard Station,41.88851520000001, -87.62326569999999
https://webapps1.chicago.gov/landmarksweb/web/districtdetails.htm?disId=23, Old Chicago Water Tower District,41.8165421, -87.6230265
https://webapps1.chicago.gov/landmarksweb/web/landmarkdetails.htm?lanId=1385, Old Colony Building,41.8766468, -87.62906869999999
https://webapps1.chicago.gov/landmarksweb/web/landmarkdetails.htm?lanId=1387, Old Dearborn Bank Building,41.8860646, -87.62585279999999
https://webapps1.chicago.gov/landmarksweb/web/districtdetails.htm?disId=24, Old Edgebrook District,41.99196, -87.76870199999999
https://webapps1.chicago.gov/landmarksweb/web/landmarkdetails.htm?lanId=13007, Old Republic Building,41.88707309999999, -87.6242091
https://webapps1.chicago.gov/landmarksweb/web/districtdetails.htm?disId=25, Old Town Triangle District,41.8989026, -87.6342911
https://webapps1.chicago.gov/landmarksweb/web/landmarkdetails.htm?lanId=1389, Oliver Building,41.8849206, -87.6292776
https://webapps1.chicago.gov/landmarksweb/web/landmarkdetails.htm?lanId=1391, On Leong Merchants Association Building,41.8523969, -87.63229109999999
https://webapps1.chicago.gov/landmarksweb/web/landmarkdetails.htm?lanId=1390, One North LaSalle Building,41.8823104, -87.63203779999999
https://webapps1.chicago.gov/landmarksweb/web/landmarkdetails.htm?lanId=1392, Overton Hygienic Building,41.8289789, -87.6261789
https://webapps1.chicago.gov/landmarksweb/web/landmarkdetails.htm?lanId=1393, Page Brothers Building,41.8854189, -87.627623
https://webapps1.chicago.gov/landmarksweb/web/landmarkdetails.htm?lanId=1394, Palliser's Cottage Home No. 35,41.691057, -87.67941689999999
https://webapps1.chicago.gov/landmarksweb/web/landmarkdetails.htm?lanId=12151, Palmer House Hotel,41.88028260000001, -87.6266976
https://webapps1.chicago.gov/landmarksweb/web/landmarkdetails.htm?lanId=1395, Palmolive Building,41.89976799999999, -87.62359119999999
https://webapps1.chicago.gov/landmarksweb/web/landmarkdetails.htm?lanId=1528, Pate-Comiskey House,41.8010684, -87.6222052
https://webapps1.chicago.gov/landmarksweb/web/landmarkdetails.htm?lanId=13145, Pennsylvania Railroad,41.7246189, -87.8949109
https://webapps1.chicago.gov/landmarksweb/web/landmarkdetails.htm?lanId=13144, Pennsylvania Railroad Bridge,41.88851520000001, -87.62326569999999
https://webapps1.chicago.gov/landmarksweb/web/landmarkdetails.htm?lanId=1396, Peoples Gas Irving Park Neighborhood Store,41.9530956, -87.7489111
https://webapps1.chicago.gov/landmarksweb/web/landmarkdetails.htm?lanId=1397, Peoples Gas South Chicago Neighborhood Store,41.732594, -87.5509732
https://webapps1.chicago.gov/landmarksweb/web/landmarkdetails.htm?lanId=1398, Perkins Fellows &amp; Hamilton Office and Studio,41.89726539999999, -87.6243355
https://webapps1.chicago.gov/landmarksweb/web/landmarkdetails.htm?lanId=1400, Pilgrim Baptist Church,41.8344519, -87.6214626
https://webapps1.chicago.gov/landmarksweb/web/landmarkdetails.htm?lanId=1401, Pittsfield Building,41.8830548, -87.6257722
https://webapps1.chicago.gov/landmarksweb/web/landmarkdetails.htm?lanId=1402, Powhatan Apartments,41.8045309, -87.58449379999999
https://webapps1.chicago.gov/landmarksweb/web/districtdetails.htm?disId=26, Prairie Avenue District,41.8577521, -87.6209904
https://webapps1.chicago.gov/landmarksweb/web/districtdetails.htm?disId=27, Printing House Row District,41.84187, -87.6285013
https://webapps1.chicago.gov/landmarksweb/web/landmarkdetails.htm?lanId=11383, Pulaski Park Fieldhouse,41.9067683, -87.66331319999999
https://webapps1.chicago.gov/landmarksweb/web/districtdetails.htm?disId=28, Pullman District,41.6840583, -87.713914
https://webapps1.chicago.gov/landmarksweb/web/landmarkdetails.htm?lanId=1406, Quinn Chapel,41.8490688, -87.62508009999999
https://webapps1.chicago.gov/landmarksweb/web/landmarkdetails.htm?lanId=1547, R. R. Donnelley &amp; Sons Co. Calumet Plant,41.853701, -87.618252
https://webapps1.chicago.gov/landmarksweb/web/landmarkdetails.htm?lanId=1407, Raber House,41.7892023, -87.6269483
https://webapps1.chicago.gov/landmarksweb/web/landmarkdetails.htm?lanId=1408, Race House,41.9530845, -87.7336333
https://webapps1.chicago.gov/landmarksweb/web/landmarkdetails.htm?lanId=1409, Rath House,41.9278691, -87.6953594
https://webapps1.chicago.gov/landmarksweb/web/landmarkdetails.htm?lanId=1410, Reebie Storage Warehouse,41.9246847, -87.6395344
https://webapps1.chicago.gov/landmarksweb/web/landmarkdetails.htm?lanId=1411, Reid Murdoch &amp; Co. Building,41.8883337, -87.6315171
https://webapps1.chicago.gov/landmarksweb/web/landmarkdetails.htm?lanId=1412, Reliance Building,41.88303399999999, -87.6282262
https://webapps1.chicago.gov/landmarksweb/web/landmarkdetails.htm?lanId=13006, Richard Wright House,41.806666, -87.613497
https://webapps1.chicago.gov/landmarksweb/web/landmarkdetails.htm?lanId=12012, Roanoke Building and Tower,41.8815897, -87.63210029999999
https://webapps1.chicago.gov/landmarksweb/web/landmarkdetails.htm?lanId=11384, Roberts Temple Church of God in Christ Building,41.8212337, -87.62600169999999
https://webapps1.chicago.gov/landmarksweb/web/landmarkdetails.htm?lanId=1413, Robie House,41.7898033, -87.5959321
https://webapps1.chicago.gov/landmarksweb/web/landmarkdetails.htm?lanId=11391, Rockefeller Memorial Chapel,40.6250543, -73.91886989999999
https://webapps1.chicago.gov/landmarksweb/web/landmarkdetails.htm?lanId=1414, Roloson Houses,41.8361277, -87.6178377
https://webapps1.chicago.gov/landmarksweb/web/landmarkdetails.htm?lanId=1415, Rookery Building,41.8790898, -87.6318574
https://webapps1.chicago.gov/landmarksweb/web/landmarkdetails.htm?lanId=1416, Rosehill Cemetery Entrance,41.98649390000001, -87.67517649999999
https://webapps1.chicago.gov/landmarksweb/web/landmarkdetails.htm?lanId=1418, Schlect House,41.8903618, -87.7702989
https://webapps1.chicago.gov/landmarksweb/web/landmarkdetails.htm?lanId=13262, Schlitz Brewery Stable at 11314 S. Front Ave. (Former),41.6885919, -87.6120426
https://webapps1.chicago.gov/landmarksweb/web/landmarkdetails.htm?lanId=13322, Schlitz Brewery-Tied House (Former) at 958 W. 69th St.,41.768999, -87.649202
https://webapps1.chicago.gov/landmarksweb/web/landmarkdetails.htm?lanId=13325, Schlitz Brewery-Tied House at 11400 S. Front Ave. (Former),41.688878, -87.61153449999999
https://webapps1.chicago.gov/landmarksweb/web/landmarkdetails.htm?lanId=13223, Schlitz Brewery-Tied House at 1801 W. Division Street (Former),41.90302, -87.6725029
https://webapps1.chicago.gov/landmarksweb/web/landmarkdetails.htm?lanId=13326, Schlitz Brewery-Tied House at 2159 W. Belmont Ave. (Former),41.9393018, -87.68302829999999
https://webapps1.chicago.gov/landmarksweb/web/landmarkdetails.htm?lanId=13323, Schlitz Brewery-Tied House at 3159 N. Southport Ave. (Former),41.9396389, -87.66341159999999
https://webapps1.chicago.gov/landmarksweb/web/landmarkdetails.htm?lanId=13324, Schlitz Brewery-Tied House at 3456 S. Western Ave. (Former),41.8304345, -87.6853268
https://webapps1.chicago.gov/landmarksweb/web/landmarkdetails.htm?lanId=13222, Schlitz Brewery-Tied House at 5120 N. Broadway (Former),41.9752473, -87.66015519999999
https://webapps1.chicago.gov/landmarksweb/web/landmarkdetails.htm?lanId=1419, Schoenhofen Brewery,41.857638, -87.6399825
https://webapps1.chicago.gov/landmarksweb/web/landmarkdetails.htm?lanId=1420, Schurz High School,41.9474657, -87.7352863
https://webapps1.chicago.gov/landmarksweb/web/landmarkdetails.htm?lanId=1421, Sears Roebuck and Company Administration Building,41.869682, -87.7096229
https://webapps1.chicago.gov/landmarksweb/web/landmarkdetails.htm?lanId=1422, Second Presbyterian Church,41.8557309, -87.6243914
https://webapps1.chicago.gov/landmarksweb/web/districtdetails.htm?disId=29, Seven Houses on Lake Shore Drive District,41.9101022, -87.626679
https://webapps1.chicago.gov/landmarksweb/web/landmarkdetails.htm?lanId=1424, Sexton School,41.9015925, -87.633792
https://webapps1.chicago.gov/landmarksweb/web/landmarkdetails.htm?lanId=1525, Shedd Park Fieldhouse,37.7533314, -122.4245828
https://webapps1.chicago.gov/landmarksweb/web/landmarkdetails.htm?lanId=13068, Sheridan Trust and Savings Bank (Former),41.9687669, -87.65911229999999
https://webapps1.chicago.gov/landmarksweb/web/landmarkdetails.htm?lanId=13004, Shoreland Hotel,41.7729617, -87.5670653
https://webapps1.chicago.gov/landmarksweb/web/landmarkdetails.htm?lanId=1307, Site of Fort Dearborn,41.8883002, -87.62442899999999
https://webapps1.chicago.gov/landmarksweb/web/landmarkdetails.htm?lanId=1383, Site of the First Self-Sustaining Controlled Nuclear Chain Reaction,41.7932043, -87.6013431
https://webapps1.chicago.gov/landmarksweb/web/landmarkdetails.htm?lanId=1322, Site of the Haymarket Tragedy,41.8844228, -87.6442117
https://webapps1.chicago.gov/landmarksweb/web/landmarkdetails.htm?lanId=11381, Site of the John and Mary Jones House,41.871849, -87.62810999999999
https://webapps1.chicago.gov/landmarksweb/web/landmarkdetails.htm?lanId=1332, Site of the Origins of the I&amp;M Canal,41.8346732, -87.6612157
https://webapps1.chicago.gov/landmarksweb/web/landmarkdetails.htm?lanId=1417, Site of the Sauganash Hotel/Wigwam,41.9502818, -88.0319073
https://webapps1.chicago.gov/landmarksweb/web/landmarkdetails.htm?lanId=1425, Soldiers' Home,25.8546657, -80.2676968
https://webapps1.chicago.gov/landmarksweb/web/landmarkdetails.htm?lanId=1426, South Pond Refectory and Men's and Ladies' Comfort Station,41.9188524, -87.6340886
https://webapps1.chicago.gov/landmarksweb/web/landmarkdetails.htm?lanId=1524, South Shore Cultural Center,41.7683018, -87.563868
https://webapps1.chicago.gov/landmarksweb/web/landmarkdetails.htm?lanId=1427, South Side Community Art Center,41.82459619999999, -87.62270439999999
https://webapps1.chicago.gov/landmarksweb/web/landmarkdetails.htm?lanId=13067, South Side Trust and Savings Bank (Former),41.8097178, -87.6061021
https://webapps1.chicago.gov/landmarksweb/web/landmarkdetails.htm?lanId=13202, Spiegel Administration Building,41.8309626, -87.6520209
https://webapps1.chicago.gov/landmarksweb/web/landmarkdetails.htm?lanId=1526, St. Gelasius Church Building,41.7783848, -87.5957966
https://webapps1.chicago.gov/landmarksweb/web/landmarkdetails.htm?lanId=1429, St. Ignatius College Prep Building,41.8674221, -87.6540543
https://webapps1.chicago.gov/landmarksweb/web/landmarkdetails.htm?lanId=1428, Statue of The Republic,41.7808551, -87.5801615
https://webapps1.chicago.gov/landmarksweb/web/landmarkdetails.htm?lanId=1290, Stephen A. Douglas Tomb,41.8312342, -87.6106404
https://webapps1.chicago.gov/landmarksweb/web/landmarkdetails.htm?lanId=11398, Steuben Club Building,41.88487660000001, -87.6333689
https://webapps1.chicago.gov/landmarksweb/web/landmarkdetails.htm?lanId=13087, Stock Yards National Bank (Former),41.818776, -87.6463589
https://webapps1.chicago.gov/landmarksweb/web/landmarkdetails.htm?lanId=1430, Sunset Cafe,41.8308586, -87.6185982
https://webapps1.chicago.gov/landmarksweb/web/landmarkdetails.htm?lanId=1431, Supreme Life Building,29.41442929999999, -98.4210585
https://webapps1.chicago.gov/landmarksweb/web/districtdetails.htm?disId=181, Surf-Pine Grove District,41.9332022, -87.6415895
https://webapps1.chicago.gov/landmarksweb/web/landmarkdetails.htm?lanId=13084, Swedish American State Bank (Former),41.9799644, -87.6685351
https://webapps1.chicago.gov/landmarksweb/web/districtdetails.htm?disId=145, Terra Cotta Row District,41.9353289, -87.6549668
https://webapps1.chicago.gov/landmarksweb/web/landmarkdetails.htm?lanId=1433, Thalia Hall,41.8578096, -87.6571778
https://webapps1.chicago.gov/landmarksweb/web/landmarkdetails.htm?lanId=1434, Theurer-Wrigley House,41.927544, -87.6395488
https://webapps1.chicago.gov/landmarksweb/web/landmarkdetails.htm?lanId=13003, Third Unitarian Church Building,41.8858903, -87.77160579999999
https://webapps1.chicago.gov/landmarksweb/web/landmarkdetails.htm?lanId=1435, Three Arts Club,41.906019, -87.6304763
https://webapps1.chicago.gov/landmarksweb/web/landmarkdetails.htm?lanId=1436, Tree Studios Annexes and Courtyard,41.8932835, -87.6278213
https://webapps1.chicago.gov/landmarksweb/web/landmarkdetails.htm?lanId=1437, Tribune Tower,41.8903627, -87.62364989999999
https://webapps1.chicago.gov/landmarksweb/web/landmarkdetails.htm?lanId=11486, Truevine Missionary Baptist Church,41.7718921, -87.6352601
https://webapps1.chicago.gov/landmarksweb/web/landmarkdetails.htm?lanId=1523, Trustees System Service Building,41.8860306, -87.6337095
https://webapps1.chicago.gov/landmarksweb/web/landmarkdetails.htm?lanId=1438, Turzak House,42.0095371, -87.8132715
https://webapps1.chicago.gov/landmarksweb/web/landmarkdetails.htm?lanId=13063, Union Park Hotel (formerly the Viceroy Hotel),41.882118, -87.666117
https://webapps1.chicago.gov/landmarksweb/web/landmarkdetails.htm?lanId=1440, Union Station,41.8786578, -87.6401556
https://webapps1.chicago.gov/landmarksweb/web/landmarkdetails.htm?lanId=1441, Union Stock Yard Gate,41.8187569, -87.6487755
https://webapps1.chicago.gov/landmarksweb/web/landmarkdetails.htm?lanId=1442, Unity Hall,41.8370978, -87.6219387
https://webapps1.chicago.gov/landmarksweb/web/landmarkdetails.htm?lanId=1443, Uptown Theatre,41.9695184, -87.6600055
https://webapps1.chicago.gov/landmarksweb/web/landmarkdetails.htm?lanId=12964, Vassar Swiss Underwear Company Building,41.9320533, -87.692008
https://webapps1.chicago.gov/landmarksweb/web/landmarkdetails.htm?lanId=13022, Veseman Building,41.890487, -87.6328674
https://webapps1.chicago.gov/landmarksweb/web/landmarkdetails.htm?lanId=1444, Victory Monument,41.8310702, -87.6172979
https://webapps1.chicago.gov/landmarksweb/web/districtdetails.htm?disId=31, Villa District,41.9409518, -87.7235522
https://webapps1.chicago.gov/landmarksweb/web/landmarkdetails.htm?lanId=13002, Village Theater,41.9107959, -87.6318106
https://webapps1.chicago.gov/landmarksweb/web/landmarkdetails.htm?lanId=12982, Vorwaerts Turner Hall,41.8663841, -87.6873372
https://webapps1.chicago.gov/landmarksweb/web/landmarkdetails.htm?lanId=1446, Wabash Avenue YMCA,41.8256187, -87.6243803
https://webapps1.chicago.gov/landmarksweb/web/landmarkdetails.htm?lanId=1448, Walser House,41.8815243, -87.7653157
https://webapps1.chicago.gov/landmarksweb/web/districtdetails.htm?disId=32, Walter Burley Griffin Place District,41.7040861, -87.65246169999999
https://webapps1.chicago.gov/landmarksweb/web/landmarkdetails.htm?lanId=1449, Washington Block,41.8829409, -87.6340523
https://webapps1.chicago.gov/landmarksweb/web/districtdetails.htm?disId=33, Washington Park Court District,41.805619, -87.6153018
https://webapps1.chicago.gov/landmarksweb/web/landmarkdetails.htm?lanId=1399, Wendell Phillips High School,41.8243586, -87.61980059999999
https://webapps1.chicago.gov/landmarksweb/web/landmarkdetails.htm?lanId=1522, West Town State Bank Building,41.8813635, -87.6866861
https://webapps1.chicago.gov/landmarksweb/web/landmarkdetails.htm?lanId=1454, Wheeler-Kohn House,41.8549644, -87.61944729999999
https://webapps1.chicago.gov/landmarksweb/web/landmarkdetails.htm?lanId=1455, Whistle Stop Inn,41.9538014, -87.7326396
https://webapps1.chicago.gov/landmarksweb/web/landmarkdetails.htm?lanId=13304, White Castle #16,41.8526228, -87.6253376
dfhttps://webapps1.chicago.gov/landmarksweb/web/landmarkdetails.htm?lanId=1457, Wingert House,41.9942826, -87.82177659999999
https://webapps1.chicago.gov/landmarksweb/web/landmarkdetails.htm?lanId=1458, Woman's Athletic Club,41.8935794, -87.624611
https://webapps1.chicago.gov/landmarksweb/web/landmarkdetails.htm?lanId=1521, Wood-Maxey-Boyd House,41.843258, -87.6199479
https://webapps1.chicago.gov/landmarksweb/web/landmarkdetails.htm?lanId=1520, Wrigley Field,41.9474473, -87.6560538
https://webapps1.chicago.gov/landmarksweb/web/landmarkdetails.htm?lanId=1460, Yale Apartments,36.0692031, -95.920267
https://webapps1.chicago.gov/landmarksweb/web/landmarkdetails.htm?lanId=1459, Yondorf Block and Hall,41.91117200000001, -87.64797329999999
